"","ref_number","prefix","property_name","status","request_type","restricted_address","acreage_of_property","area_of_significance","category_of_property","state","county","city","street_number","external_link","listed_date","nhl_designated_date","other_names","park_name","property_id","district_name_lower","address","latitude","longitude"
"1","70000919",NA,"Eagle Historic District","Listed","Single",FALSE,360,"COMMUNICATIONS","DISTRICT","ALASKA","Southeast Fairbanks","Eagle","Mile 0, Taylor Hwy.","https://catalog.archives.gov/id/75325795","10/27/70","6/2/78","Eagle,City of;Egbert,Harry C.,Fort Site",NA,"70000919","eagle","Eagle Historic District Southeast Fairbanks ALASKA",64.7911,-141.21547
"2","66000156",NA,"Seal Island Historic District","Listed","Single",FALSE,6970,"INDUSTRY; NATIVE AMERICAN; CONSERVATION","DISTRICT","ALASKA","Aleutian Islands","Pribilof Islands","St. Paul and St. George Islands","https://catalog.archives.gov/id/75325279","10/15/66","6/13/62","The Seal Islands;Pribilof Islands;See Also:80000744;80000743; Fur Seal Rookeries",NA,"66000156","seal island","Seal Island Historic District Aleutian Islands ALASKA",56.90778,-170.04056
"3","66000943",NA,"Skagway Historic District and White Pass","Listed","Single",FALSE,10,"ARCHITECTURE","DISTRICT","ALASKA","Skagway-Yakutat-Angoon","Skagway and","Head of Taiya Inlet on Lynn Canal","https://catalog.archives.gov/id/75325339","10/15/66","6/13/62",NA,"Klondike Gold Rush","66000943","skagway and white pass","Skagway Historic District and White Pass Skagway-Yakutat-Angoon ALASKA",59.54476,-135.20805
"4","76000377",NA,"Fort Apache Historic District","Listed","Single",FALSE,288,"MILITARY","DISTRICT","ARIZONA","Navajo","Whiteriver","S of Whiteriver off AZ 73 on Fort Apache Indian Reservation","https://catalog.archives.gov/id/75610362","10/14/76","3/2/12",NA,NA,"76000377","fort apache","Fort Apache Historic District Navajo ARIZONA",33.790183596925,-109.953625340803
"5","75000343",NA,"Grand Canyon Village Historic District","Listed","Single",FALSE,73.1,"EXPLORATION/SETTLEMENT; ARCHITECTURE; POLITICS/GOVERNMENT; COMMERCE; TRANSPORTATION; CONSERVATION","DISTRICT","ARIZONA","Coconino","Grand Canyon","AZ 64","https://catalog.archives.gov/id/75609733","11/20/75","2/18/97","Grand Canyon Village;See Also:74000334;74000336;74000337;750","Grand Canyon","75000343","grand canyon village","Grand Canyon Village Historic District Coconino ARIZONA",36.0553671,-112.139166
"6","95001226",NA,"Grand Canyon Village Historic District (Boundary Increase)","Listed","Single",FALSE,52,"COMMUNITY PLANNING AND DEVELOPMENT; POLITICS/GOVERNMENT; ARCHITECTURE; LANDSCAPE ARCHITECTURE; OTHER","DISTRICT","ARIZONA","Coconino","Grand Canyon","Grand Canyon National Park","https://catalog.archives.gov/id/75609525","10/24/95","2/18/97","Grand Canyon Village;See Also:Grand Canyon Village Historic","Grand Canyon","95001226","grand canyon village (boundary increase)","Grand Canyon Village Historic District (Boundary Increase) Coconino ARIZONA",36.0553671,-112.139166
"7","66000196",NA,"Jerome Historic District","Listed","Single",FALSE,750,"INDUSTRY","DISTRICT","ARIZONA","Yavapai","Jerome","Jerome","https://catalog.archives.gov/id/75609560","11/13/66","11/13/66",NA,NA,"66000196","jerome","Jerome Historic District Yavapai ARIZONA",34.759094563803,-112.083380768853
"8","100000838","NL","Painted Desert Community Complex Historic District","Listed","NHL",FALSE,24,"COMMUNITY PLANNING AND DEVELOPMENT; ARCHITECTURE","district","ARIZONA","Apache","Petrified Forest National Park","One Park Rd.",NA,NA,"12/23/16",NA,NA,"05000284","painted desert community complex","Painted Desert Community Complex Historic District Apache ARIZONA",31.6905749,-109.1324316
"9","66000171",NA,"Tombstone Historic District","Listed","Single",FALSE,42,"INDUSTRY; POLITICS/GOVERNMENT; SOCIAL HISTORY","DISTRICT","ARIZONA","Cochise","Tombstone","U.S. 80","https://catalog.archives.gov/id/75609509","10/15/66","7/4/61","See Also:St. Paul`s Episcopal Church;Tombstone City Hall",NA,"66000171","tombstone","Tombstone Historic District Cochise ARIZONA",31.451290818533,-109.928468951452
"10","84001183",NA,"Aquatic Park Historic District","Listed","Single",FALSE,1,"COMMUNITY PLANNING AND DEVELOPMENT; ART; MILITARY; ARCHITECTURE","DISTRICT","CALIFORNIA","San Francisco","San Francisco","Bounded by Van Ness Ave., Hyde and Polk Sts.","https://catalog.archives.gov/id/123858050","1/26/84","5/28/87","Aquatic Park","Golden Gate","84001183","aquatic park","Aquatic Park Historic District San Francisco CALIFORNIA",37.80687,-122.42303
"11","100008261","SG","Asilomar Conference Grounds Warnecke Historic District","Listed","Single",FALSE,59.6,"ARCHITECTURE; LANDSCAPE ARCHITECTURE","district","CALIFORNIA","Monterey","Pacific Grove","800 Asilomar Blvd.","https://catalog.archives.gov/id/123857970","10/11/22","2/27/87",NA,NA,"100008261","asilomar conference grounds warnecke","Asilomar Conference Grounds Warnecke Historic District Monterey CALIFORNIA",36.6188,-121.9353
"12","66000213",NA,"Bodie Historic District","Listed","Single",FALSE,500,"INDUSTRY; EXPLORATION/SETTLEMENT","DISTRICT","CALIFORNIA","Mono","Bridgeport","7 mi. S of Bridgeport on U.S. 395, then 12 mi. E on secondary rd.",NA,"10/15/66","7/4/61",NA,NA,"66000213","bodie","Bodie Historic District Mono CALIFORNIA",38.21303,-119.01197
"13","66000242",NA,"Columbia Historic District","Listed","Single",FALSE,0,"EXPLORATION/SETTLEMENT; ARCHITECTURE","DISTRICT","CALIFORNIA","Tuolumne","Sonora","4 mi. NW of Sonora on CA 49","https://catalog.archives.gov/id/123858125","10/15/66","7/4/61",NA,NA,"66000242","columbia","Columbia Historic District Tuolumne CALIFORNIA",38.0352,-120.40075
"14","86001479",NA,"Little Tokyo Historic District","Listed","Single",FALSE,3.8,"COMMERCE; ASIAN; ARCHITECTURE","DISTRICT","CALIFORNIA","Los Angeles","Los Angeles","301--369 First and 106--120 San Pedro Sts.","https://catalog.archives.gov/id/123857932","8/22/86","6/12/95",NA,NA,"86001479","little tokyo","Little Tokyo Historic District Los Angeles CALIFORNIA",34.05001,-118.24091
"15","71000174",NA,"Locke Historic District","Listed","Single",FALSE,14,"ASIAN; ARCHITECTURE; SOCIAL HISTORY","DISTRICT","CALIFORNIA","Sacramento","Locke","Bounded on the W by the Sacramento River, on the N by Locke Rd., on the E by Alley St., and on the S by Levee St.","https://catalog.archives.gov/id/123860628","5/6/71","12/14/90",NA,NA,"71000174","locke","Locke Historic District Sacramento CALIFORNIA",38.25047,-121.5094
"16","70000137",NA,"Monterey Old Town Historic District","Listed","Single",FALSE,80.3,"EXPLORATION/SETTLEMENT; ARCHITECTURE","DISTRICT","CALIFORNIA","Monterey","Monterey","Boundary undetermined at this time","https://catalog.archives.gov/id/123857976","4/15/70","4/15/70","See Also:Larkin House",NA,"70000137","monterey old town","Monterey Old Town Historic District Monterey CALIFORNIA",36.59639,-121.89583
"17","66000219",NA,"Old Sacramento Historic District","Listed","Single",FALSE,30,"INDUSTRY; TRANSPORTATION; EXPLORATION/SETTLEMENT; COMMUNICATIONS","DISTRICT","CALIFORNIA","Sacramento","Sacramento","Jcts. of U.S. 40, 50, 99, and CA 16 and 24","https://catalog.archives.gov/id/123858000","10/15/66","1/12/65","See Also:Pony Express Terminal",NA,"66000219","old sacramento","Old Sacramento Historic District Sacramento CALIFORNIA",38.581628,-121.504503
"18","78000757",NA,"San Francisco Civic Center Historic District","Listed","Single",FALSE,45.6,"COMMUNITY PLANNING AND DEVELOPMENT; LANDSCAPE ARCHITECTURE; ART; ENTERTAINMENT/RECREATION; POLITICS/GOVERNMENT; ARCHITECTURE; SOCIAL HISTORY","DISTRICT","CALIFORNIA","San Francisco","San Francisco","Roughly bounded by Golden Gate Ave., 7th, Franklin, Hayes, and Market Sts.","https://catalog.archives.gov/id/123861280","10/10/78","2/27/87","San Francisco Civic Center National Historic Landmark",NA,"78000757","san francisco civic center","San Francisco Civic Center Historic District San Francisco CALIFORNIA",37.77937,-122.41775
"19","69000038",NA,"San Juan Bautista Plaza Historic District","Listed","Single",FALSE,0,"COMMUNITY PLANNING AND DEVELOPMENT; ARCHITECTURE","DISTRICT","CALIFORNIA","San Benito","San Juan Bautista","Buildings surrounding plaza at Washington, Mariposa, and 2nd Sts.","https://catalog.archives.gov/id/123858012","12/8/69","4/15/70","See Also:Castro, Jose, House",NA,"69000038","san juan bautista plaza","San Juan Bautista Plaza Historic District San Benito CALIFORNIA",36.84607,-121.53661
"20","66000246",NA,"Central City-Black Hawk Historic District","Listed","Single",FALSE,2320,"COMMERCE; INDUSTRY","DISTRICT","COLORADO","Gilpin","Central City","On SR 119","https://catalog.archives.gov/id/84127911","10/15/66","7/4/61",NA,NA,"66000246","central city-black hawk","Central City-Black Hawk Historic District Gilpin COLORADO",39.80101,-105.51306
"21","66000939",NA,"Cripple Creek Historic District","Listed","Single",FALSE,2300,"INDUSTRY; EXPLORATION/SETTLEMENT","DISTRICT","COLORADO","Teller","Cripple Creek","Rt. 67","https://catalog.archives.gov/id/84127939","10/15/66","7/4/61",NA,NA,"66000939","cripple creek","Cripple Creek Historic District Teller COLORADO",38.74678,-105.17531
"22","66000243",NA,"Georgetown-Silver Plume Historic District","Listed","Single",FALSE,3288,"EXPLORATION/SETTLEMENT","DISTRICT","COLORADO","Clear Creek","Georgetown-Silver Plume","I-70","https://catalog.archives.gov/id/84127890","11/13/66","11/13/66",NA,NA,"66000243","georgetown-silver plume","Georgetown-Silver Plume Historic District Clear Creek COLORADO",39.70834,-105.69557
"23","66000248",NA,"Leadville Historic District","Listed","Single",FALSE,100,"INDUSTRY; EXPLORATION/SETTLEMENT; ARCHITECTURE","DISTRICT","COLORADO","Lake","Leadville","Town of Leadville","https://catalog.archives.gov/id/84127918","10/15/66","7/4/61",NA,NA,"66000248","leadville","Leadville Historic District Lake COLORADO",39.24729,-106.29132
"24","66000255",NA,"Silverton Historic District","Listed","Single",FALSE,530,"INDUSTRY; EXPLORATION/SETTLEMENT","DISTRICT","COLORADO","San Juan","Silverton","US 550","https://catalog.archives.gov/id/84127935","10/15/66","7/4/61",NA,NA,"66000255","silverton","Silverton Historic District San Juan COLORADO",37.81286,-107.66277
"25","66000256",NA,"Telluride Historic District","Listed","Single",FALSE,87,"INDUSTRY; EXPLORATION/SETTLEMENT; ARCHITECTURE","DISTRICT","COLORADO","San Miguel","Telluride","Rt. 145","https://catalog.archives.gov/id/84127937","10/15/66","7/4/61",NA,NA,"66000256","telluride","Telluride Historic District San Miguel COLORADO",37.93752,-107.8124
"26","78002885",NA,"Cheney Brothers Historic District","Listed","Single",FALSE,175,"INDUSTRY","DISTRICT","CONNECTICUT","Hartford","Manchester","Bounded by Hartford Rd., Laurel, Spruce, and Lampfield Sts.","https://catalog.archives.gov/id/132353618","6/2/78","6/2/78",NA,NA,"78002885","cheney brothers","Cheney Brothers Historic District Hartford CONNECTICUT",41.76444,-72.52556
"27","68000050",NA,"Litchfield Historic District","Listed","Single",FALSE,20,"ARCHITECTURE","DISTRICT","CONNECTICUT","Litchfield","Litchfield","Roughly both sides of North and South Sts. between Gallows Lane and Prospect St.","https://catalog.archives.gov/id/132353648","11/24/68","11/24/68","See Also:66000879;71001011;78003456",NA,"68000050","litchfield","Litchfield Historic District Litchfield CONNECTICUT",41.74704,-73.18928
"28","70000838",NA,"New Haven Green Historic District","Listed","Single",FALSE,16,"COMMUNITY PLANNING AND DEVELOPMENT; ARCHITECTURE","DISTRICT","CONNECTICUT","New Haven","New Haven","Bounded by Chapel, College, Elm, and Church Sts.","https://catalog.archives.gov/id/132353676","12/30/70","12/30/70",NA,NA,"70000838","new haven green","New Haven Green Historic District New Haven CONNECTICUT",41.30815,-72.92649
"29","67000003",NA,"New Castle Historic District","Listed","Single",FALSE,95,"ARCHITECTURE","DISTRICT","DELAWARE","New Castle","New Castle","Bounded by Harmony St., The Strand, 3rd St., and Delaware St.","https://catalog.archives.gov/id/75323903","12/24/67","12/24/67","See Also:Stonum;Old Courthouse;Amstel House",NA,"67000003","new castle","New Castle Historic District New Castle DELAWARE",39.65944,-75.56389
"30","66000856",NA,"Gallaudet College Historic District","Listed","Single",FALSE,15,"EDUCATION; ARCHITECTURE; SOCIAL HISTORY","BUILDING","DISTRICT OF COLUMBIA","District of Columbia","Washington","Florida Ave. and 7th St., NE.",NA,"10/15/66","12/21/65","Main Central Building,Gallaudet College;See Also:Gallaudet C",NA,"66000856","gallaudet college","Gallaudet College Historic District District of Columbia DISTRICT OF COLUMBIA",38.92142558653,-77.01763528726
"31","67000025",NA,"Georgetown Historic District","Listed","Single",FALSE,750,"POLITICS/GOVERNMENT; ARCHITECTURE","DISTRICT","DISTRICT OF COLUMBIA","District of Columbia","Washington","Roughly bounded by Whitehaven St., Rock Creek Park, Potomac River, and Georgetown University campus","https://catalog.archives.gov/id/117692178","5/28/67","5/28/67","See Also:Dumbarton Oaks Park and Montrose Park",NA,"67000025","georgetown","Georgetown Historic District District of Columbia DISTRICT OF COLUMBIA",38.91320423903,-77.076104065445
"32","70000833",NA,"Lafayette Square Historic District","Listed","Single",FALSE,0,"LANDSCAPE ARCHITECTURE; COMMERCE; POLITICS/GOVERNMENT","DISTRICT","DISTRICT OF COLUMBIA","District of Columbia","Washington","Roughly between 15th and 17th Sts. and H St. and State and Treasury Places, exclusive of the White House and its grounds","https://catalog.archives.gov/id/117691835","8/29/70","8/29/70","See Also:74002155;73002075;74002156;66000858;69000300;730020","National Mall","70000833","lafayette square","Lafayette Square Historic District District of Columbia DISTRICT OF COLUMBIA",38.89947,-77.03643
"33","76000595",NA,"Pensacola Naval Air Station Historic District","Listed","Single",FALSE,82,"MILITARY","DISTRICT","FLORIDA","Escambia","Pensacola","Pensacola Naval Air Station","https://catalog.archives.gov/id/77841878","12/8/76","12/8/76","Pensacola Navy Yard",NA,"76000595","pensacola naval air station","Pensacola Naval Air Station Historic District Escambia FLORIDA",30.35729,-87.30649
"34","70000847",NA,"St. Augustine Town Plan Historic District","Listed","Single",FALSE,113,"COMMERCE; MILITARY; EXPLORATION/SETTLEMENT; POLITICS/GOVERNMENT; ARCHITECTURE; RELIGION","district","FLORIDA","St. Johns","St. Augustine","Roughly bounded by Grove Ave, the Matanzas River, and South and Washington Sts.","https://catalog.archives.gov/id/77844023","4/15/70","4/15/70","St. Augustine Historic District;See Also:70000845;70000844;7",NA,"70000847","st. augustine town plan","St. Augustine Town Plan Historic District St. Johns FLORIDA",29.8975,-81.31333
"35","74000641",NA,"Ybor City Historic District","Listed","Single",FALSE,369,"INDUSTRY; COMMUNITY PLANNING AND DEVELOPMENT; LANDSCAPE ARCHITECTURE; COMMERCE; ENGINEERING; SCIENCE; POLITICS/GOVERNMENT; ARCHITECTURE; SOCIAL HISTORY; PERFORMING ARTS","DISTRICT","FLORIDA","Hillsborough","Tampa","Roughly bounded by 6th Ave., 13th St., 10th Ave. and 22nd St., E. Broadway between 13th and 22nd Sts.","https://catalog.archives.gov/id/77842590","8/28/74","12/14/90",NA,NA,"74000641","ybor city","Ybor City Historic District Hillsborough FLORIDA",27.9625,-82.44083
"36","74000677",NA,"King, Martin Luther, Jr., Historic District","Listed","Single",FALSE,15.4,"BLACK; ARCHITECTURE; RELIGION; SOCIAL HISTORY","DISTRICT","GEORGIA","Fulton","Atlanta","Bounded roughly by Irwin, Randolph, Edgewood, Jackson, and Auburn Aves.","https://catalog.archives.gov/id/93208244","5/2/74","5/5/77",NA,"Martin Luther King","74000677","king, martin luther, jr.,","King, Martin Luther, Jr., Historic District Fulton GEORGIA",32.079780008768,-81.097476874189
"37","66000276",NA,"Low, Juliette Gordon, Historic District","Listed","Single",FALSE,0.5,"ARCHITECTURE; EDUCATION; SOCIAL HISTORY","DISTRICT","GEORGIA","Chatham","Savannah","10 Oglethorpe Ave., E., 330 Drayton St., 329 Abercorn St.","https://catalog.archives.gov/id/93206748","10/15/66","6/23/65","Wayne--Gordon House: First Girl Scout Headquarters; Andrew Low House and Carrige House",NA,"66000276","low, juliette gordon,","Low, Juliette Gordon, Historic District Chatham GEORGIA",32.073,-81.09251
"38","66000277","AD","Savannah Historic District","Listed","Add.Doc.",FALSE,525,"COMMUNITY PLANNING AND DEVELOPMENT; ARCHITECTURE","district","GEORGIA","Chatham","Savannah","Bounded by E. Broad, Gwinnett, and W. Broad Sts. and the Savannah River",NA,"11/13/66","11/13/66",NA,NA,"66000277","savannah","Savannah Historic District Chatham GEORGIA",32.07465,-81.09345
"39","76000631",NA,"Sweet Auburn Historic District","Listed","Single",FALSE,19,"COMMERCE; ECONOMICS; BLACK; SOCIAL HISTORY","DISTRICT","GEORGIA","Fulton","Atlanta","Auburn Ave.","https://catalog.archives.gov/id/93206771","12/8/76","12/8/76",NA,NA,"76000631","sweet auburn","Sweet Auburn Historic District Fulton GEORGIA",33.75483,-84.38132
"40","74000694",NA,"Warm Springs Historic District","Listed","Single",FALSE,265,"SCIENCE; POLITICS/GOVERNMENT; SOCIAL HISTORY","DISTRICT","GEORGIA","Meriwether","Warm Springs","S of GA 194 and W of GA 85W","https://catalog.archives.gov/id/93208989","7/30/74","1/16/80",NA,NA,"74000694","warm springs","Warm Springs Historic District Meriwether GEORGIA",32.89041,-84.68132
"41","66000302",NA,"Lahaina Historic District","Listed","Single",FALSE,1671,"PACIFIC-ISLANDER; COMMERCE; TRANSPORTATION; POLITICS/GOVERNMENT; ARCHITECTURE; RELIGION; SOCIAL HISTORY","DISTRICT","HAWAII","Maui","Lahaina","W side of Maui on HI 30","https://catalog.archives.gov/id/63815572","10/15/66","12/29/62",NA,NA,"66000302","lahaina","Lahaina Historic District Maui HAWAII",20.8759,-156.6765
"42","84000104",NA,"Palm Circle Historic District","Listed","Single",FALSE,32,"MILITARY; ARCHITECTURE","DISTRICT","HAWAII","Honolulu","Honolulu","Roughly bounded by Carter Dr., Richardson and Funston Rds., A and B Sts.","https://catalog.archives.gov/id/63815544","10/26/84","5/28/87","Palm Circle,100 Area,Fort Shafter",NA,"84000104","palm circle","Palm Circle Historic District Honolulu HAWAII",21.34861,-157.89083
"43","70000244",NA,"Bishop Hill Historic District","Listed","Single",FALSE,150,"EUROPEAN; EXPLORATION/SETTLEMENT; SOCIAL HISTORY","DISTRICT","ILLINOIS","Henry","Bishop Hill","Off US 34","https://catalog.archives.gov/id/28892970","4/17/70","4/27/84","Bishop Hill Colony",NA,"70000244","bishop hill","Bishop Hill Historic District Henry ILLINOIS",41.20115,-90.11873
"44","80001379",NA,"Fort Sheridan Historic District","Listed","Single",FALSE,230,"LANDSCAPE ARCHITECTURE; MILITARY; ARCHITECTURE","DISTRICT","ILLINOIS","Lake","Fort Sheridan","Off IL 22","https://catalog.archives.gov/id/28893322","9/29/80","4/20/84","See Also:Water Tower, Building 49",NA,"80001379","fort sheridan","Fort Sheridan Historic District Lake ILLINOIS",42.2125,-87.81056
"45","66000321",NA,"Nauvoo Historic District","Listed","Single",FALSE,3850,"EXPLORATION/SETTLEMENT; RELIGION","DISTRICT","ILLINOIS","Hancock","Nauvoo","Nauvoo and its environs","https://catalog.archives.gov/id/28891600","10/15/66","1/20/61",NA,NA,"66000321","nauvoo","Nauvoo Historic District Hancock ILLINOIS",40.55004,-91.38349
"46","93001605",NA,"Principia College Historic District","Listed","Single",FALSE,290,"ARCHITECTURE","DISTRICT","ILLINOIS","Jersey","Elsah","River Rd.","https://catalog.archives.gov/id/28891604","4/19/93","4/19/93",NA,NA,"93001605","principia college","Principia College Historic District Jersey ILLINOIS",38.949156254705,-90.348232045123
"47","69000054",NA,"Pullman Historic District","Listed","Single",FALSE,250,"INDUSTRY; COMMUNITY PLANNING AND DEVELOPMENT; LANDSCAPE ARCHITECTURE; ARCHITECTURE; SOCIAL HISTORY","DISTRICT","ILLINOIS","Cook","Chicago","Bounded by 103rd St., C.S.S. and S.B. Railroad spur tracks, 115th St. and Cottage Grove Ave.",NA,"10/8/69","12/30/70",NA,NA,"69000054","pullman","Pullman Historic District Cook ILLINOIS",41.692813,-87.60602
"48","69000055","ADNL","Riverside Historic District","Done","NHL Updated Documentation",FALSE,1500,"COMMUNITY PLANNING AND DEVELOPMENT; LANDSCAPE ARCHITECTURE; ARCHITECTURE; SOCIAL HISTORY","district","ILLINOIS","Cook","Riverside","Bounded by 26th St., Harlem and Ogden Aves., the Des Plaines River, and Forbes Rd.",NA,NA,"8/29/70",NA,NA,"69000055","riverside","Riverside Historic District Cook ILLINOIS",41.479781,-87.742123
"49","76000705",NA,"South Dearborn Street-Printing House Row Historic District","Listed","Single",FALSE,0,"ARCHITECTURE","DISTRICT","ILLINOIS","Cook","Chicago","343, 407, 431 S. Dearborn St. and 53 W. Jackson Blvd.","https://catalog.archives.gov/id/28891538","1/7/76","1/7/76",NA,NA,"76000705","south dearborn street-printing house row","South Dearborn Street-Printing House Row Historic District Cook ILLINOIS",41.8954,-87.64616
"50","89001404","AD","Indiana War Memorial Historic District","Listed","Add.Doc.",FALSE,32.38,"ARCHITECTURE; ART; COMMUNITY PLANNING AND DEVELOPMENT","district","INDIANA","Marion","Indianapolis","Monument Cir, 200-800 blks, N. Meridian St, 200-800 blks, N. Pennsylvania St, and first blocks of E. Ohio, New York. E. Vermont, E. Michigan, E. North E St., Clair St., and E. 9th St",NA,"9/25/89","10/11/94","Indiana World War Memorial Plaza; Birch Bayh Federal Building; National Headquarters, American Legion; Indianapolis Public Library (now called Central Library)",NA,"89001404","indiana war memorial","Indiana War Memorial Historic District Marion INDIANA",39.7733806,-86.1569542
"51","100001200","ADNL","Indiana War Memorial Historic District","Done","NHL Updated Documentation",FALSE,32.38,"ARCHITECTURE; ART; COMMUNITY PLANNING AND DEVELOPMENT","district","INDIANA","Marion","Indianapolis","Monument Cir, 200-800 blks, N. Meridian St, 200-800 blks, N. Pennsylvania St, and first blocks of E. Ohio, New York. E. Vermont, E. Michigan, E. North E St., Clair St., and E. 9th St",NA,NA,"10/11/94",NA,NA,"89001404","indiana war memorial","Indiana War Memorial Historic District Marion INDIANA",39.7733806,-86.1569542
"52","100001200","ADNL","Indiana War Memorial Historic District","Done","NHL Updated Documentation",FALSE,32.38,"ARCHITECTURE; ART; COMMUNITY PLANNING AND DEVELOPMENT","district","INDIANA","Marion","Indianapolis","Monument Cir, 200-800 blks, N. Meridian St, 200-800 blks, N. Pennsylvania St, and first blocks of E. Ohio, New York. E. Vermont, E. Michigan, E. North E St., Clair St., and E. 9th St",NA,NA,"10/11/94",NA,NA,"89001404","indiana war memorial","Indiana War Memorial Historic District Marion INDIANA",39.7733806,-86.1569542
"53","73000020",NA,"Madison Historic District","Listed","Single",FALSE,2160,"COMMERCE; TRANSPORTATION; ARCHITECTURE","DISTRICT","INDIANA","Jefferson","Madison","Roughly bounded by Crooked Creek, Springdale Cemetery, Michigan, New Hill and Telegraph Hill Rds., and Ohio River","https://catalog.archives.gov/id/132003437","5/25/73","3/30/06",NA,NA,"73000020","madison","Madison Historic District Jefferson INDIANA",38.7363537,-85.3774889
"54","66000006",NA,"New Harmony Historic District","Listed","Single",FALSE,11,"SOCIAL HISTORY","DISTRICT","INDIANA","Posey","New Harmony","Main St. between Granary and Church Sts.","https://catalog.archives.gov/id/132002419","10/15/66","12/19/60","New Harmony",NA,"66000006","new harmony","New Harmony Historic District Posey INDIANA",38.041453974177,-87.700432043254
"55","66000347",NA,"Council Grove Historic District","Listed","Single",FALSE,0,"COMMERCE; TRANSPORTATION","DISTRICT","KANSAS","Morris","Council Grove","U.S. 56",NA,"10/15/66","5/23/62",NA,NA,"66000347","council grove","Council Grove Historic District Morris KANSAS",38.661051,-96.490573
"56","76000820",NA,"Nicodemus Historic District; Nicodemus National Historic Site","Listed","Single",FALSE,161.2,"BLACK; EXPLORATION/SETTLEMENT; SOCIAL HISTORY","DISTRICT","KANSAS","Graham","Nicodemus","U.S. 24",NA,"1/7/76","1/7/76","Nicodemus Historic District and Dugout House",NA,"76000820","nicodemus; nicodemus national historic site","Nicodemus Historic District; Nicodemus National Historic Site Graham KANSAS",39.3930541,-99.6190148
"57","94000303",NA,"Fort Boonesborough Townsite Historic District","Listed","Single",FALSE,352,"PREHISTORIC; HISTORIC - NON-ABORIGINAL; EXPLORATION/SETTLEMENT; MILITARY; COMMERCE; AGRICULTURE; TRANSPORTATION","DISTRICT","KENTUCKY","Madison","Richmond","4375 Old Boonesborough Rd.","https://catalog.archives.gov/id/123849166","4/14/94","6/11/96","Ft. Boonesborough State Park;15MA41,123,128,131-135,138-139",NA,"94000303","fort boonesborough townsite","Fort Boonesborough Townsite Historic District Madison KENTUCKY",37.72018,-84.278
"58","71000353",NA,"Shakertown at Pleasant Hill Historic District","Listed","Single",FALSE,2200,"AGRICULTURE; ARCHITECTURE; RELIGION; SOCIAL HISTORY","DISTRICT","KENTUCKY","Mercer","Shakertown and vicinity","On U.S. 68","https://catalog.archives.gov/id/123849172","11/11/71","11/11/71",NA,NA,"71000353","shakertown at pleasant hill","Shakertown at Pleasant Hill Historic District Mercer KENTUCKY",37.764337988461,-84.759288087841
"59","74000928",NA,"Natchitoches Historic District","Listed","Single",FALSE,210,"COMMERCE; EXPLORATION/SETTLEMENT; ARCHITECTURE","DISTRICT","LOUISIANA","Natchitoches","Natchitoches","Roughly bounded by 2nd, 4th, Jefferson, and Parie Sts. and Williams and College Aves.","https://catalog.archives.gov/id/73974028","6/5/74","4/16/84",NA,NA,"74000928","natchitoches","Natchitoches Historic District Natchitoches LOUISIANA",31.75433,-93.09211
"60","80001740",NA,"Natchitoches Historic District (Boundary Increase)","Listed","Single",FALSE,11,"ARCHITECTURE","DISTRICT","LOUISIANA","Natchitoches","Natchitoches","Address unknown at this time","https://catalog.archives.gov/id/73974040","11/25/80","11/25/80","Natchitoches Historic District (City Hall);See Also:Natchito",NA,"80001740","natchitoches (boundary increase)","Natchitoches Historic District (Boundary Increase) Natchitoches LOUISIANA",31.75433,-93.09211
"61","66000377","AD","Vieux Carré Historic District (Additional Documentation)","Listed","Add.Doc.",FALSE,0,"INDUSTRY; COMMUNITY PLANNING AND DEVELOPMENT; LANDSCAPE ARCHITECTURE; ENGINEERING; TRANSPORTATION; ARCHITECTURE; CONSERVATION","DISTRICT","LOUISIANA","Orleans","New Orleans","Bounded by the Mississippi River, Rampart and Canal Sts., and Esplanade Ave.",NA,"10/15/66","12/21/65",NA,NA,"66000377","vieux carré (additional documentation)","Vieux Carré Historic District (Additional Documentation) Orleans LOUISIANA",29.95854,-90.06452
"62","09000013",NA,"Brick House Historic District","Listed","Single",TRUE,57,"HISTORIC - NON-ABORIGINAL; POLITICS/GOVERNMENT; EXPLORATION/SETTLEMENT; ARCHITECTURE; INDUSTRY; AGRICULTURE","DISTRICT","MAINE","Lincoln","Newcastle","Address Restricted",NA,"2/13/09","8/25/14","Perkins Family Place; Pine Grove Farm",NA,"09000013","brick house","Brick House Historic District Lincoln MAINE",43.91647,-69.96727
"63","70000263",NA,"Chestertown Historic District","Listed","Single",FALSE,0,"ARCHITECTURE","DISTRICT","MARYLAND","Kent","Chestertown","Roughly bounded by Maple Ave., Chester River, Cannon and Cross Sts.","https://catalog.archives.gov/id/106775946","4/15/70","4/15/70",NA,NA,"70000263","chestertown","Chestertown Historic District Kent MARYLAND",39.2153577,-76.0917569
"64","66000383",NA,"Colonial Annapolis Historic District","Listed","Single",FALSE,230,"COMMUNITY PLANNING AND DEVELOPMENT; POLITICS/GOVERNMENT; ARCHITECTURE","DISTRICT","MARYLAND","Anne Arundel","Annapolis","District boundaries approximate city boundaries surveyed in 1695","https://catalog.archives.gov/id/106775866","10/15/66","6/23/65","See Also:Maryland Statehouse;Hammond-Harwood House",NA,"66000383","colonial annapolis","Colonial Annapolis Historic District Anne Arundel MARYLAND",38.979,-76.49079
"65","80004331",NA,"Greenbelt Historic District","Listed","Single",FALSE,789.5,"COMMUNITY PLANNING AND DEVELOPMENT; ARCHITECTURE; POLITICS/GOVERNMENT","DISTRICT","MARYLAND","Prince George's","Greenbelt","Off MD 193","https://catalog.archives.gov/id/106777962","11/25/80","2/18/97","Old Greenbelt",NA,"80004331","greenbelt","Greenbelt Historic District Prince George's MARYLAND",39.001171,-76.876172
"66","71001037",NA,"Mount Vernon Place Historic District","Listed","Single",FALSE,0,"LANDSCAPE ARCHITECTURE; ART; ARCHITECTURE","DISTRICT","MARYLAND","Baltimore","Baltimore (Independent City)","Mount Vernon Pl. and Washington Pl.","https://catalog.archives.gov/id/106775892","11/11/71","11/11/71",NA,NA,"71001037","mount vernon place","Mount Vernon Place Historic District Baltimore MARYLAND",39.29761,-76.61552
"67","71001037","MP","Mount Vernon Place Historic District (Additional Documentation)","Listed","Multiple",FALSE,0,"LANDSCAPE ARCHITECTURE; ART; ARCHITECTURE; SOCIAL HISTORY","district","MARYLAND","Baltimore","Baltimore (Independent City)","Mount Vernon Pl. and Washington Pl.","https://catalog.archives.gov/id/106775892","9/26/24","11/11/71",NA,NA,"71001037","mount vernon place (additional documentation)","Mount Vernon Place Historic District (Additional Documentation) Baltimore MARYLAND",39.29761,-76.61552
"68","69000310",NA,"St. Marys City Historic District","Listed","Single",TRUE,1500,"HISTORIC - NON-ABORIGINAL; EXPLORATION/SETTLEMENT; ARCHITECTURE","DISTRICT","MARYLAND","St. Mary's","St. Marys City","Address Restricted",NA,"8/4/69","8/4/69",NA,NA,"69000310","st. marys city","St. Marys City Historic District St. Mary's MARYLAND",41.4289483,-78.5639763
"69","66000130",NA,"Beacon Hill Historic District","Listed","Single",FALSE,105,"LITERATURE; ARCHITECTURE; PERFORMING ARTS","DISTRICT","MASSACHUSETTS","Suffolk","Boston","Bounded by Beacon St., the Charles River Embankment, and Pinckney, Revere, and Hancock Sts.","https://catalog.archives.gov/id/63793855","10/15/66","12/19/62","See Also:Otis, (Second) Harrison Gray,House",NA,"66000130","beacon hill","Beacon Hill Historic District Suffolk MASSACHUSETTS",42.3602923,-71.0686799
"70","87002598",NA,"H.H. Richardson Historic District of North Easton","Listed","Single",FALSE,5.8,"ARCHITECTURE","DISTRICT","MASSACHUSETTS","Bristol","North Easton","Main St., Elm St., & railway right-of-way off Oliver St.",NA,"12/23/87","12/23/87","See Also:North Easton Historic District,North Easton Railroa",NA,"87002598","h.h. richardson of north easton","H.H. Richardson Historic District of North Easton Bristol MASSACHUSETTS",42.0662665,-71.1034847
"71","73000323",NA,"House of Seven Gables Historic District","Listed","Single",FALSE,6.5,"INDUSTRY; TRANSPORTATION; LITERATURE; ARCHITECTURE; EDUCATION","DISTRICT","MASSACHUSETTS","Essex","Salem","54 Turner St. at Derby and Hardy Sts.","https://catalog.archives.gov/id/63794746","5/8/73","3/29/07","Turner House",NA,"73000323","house of seven gables","House of Seven Gables Historic District Essex MASSACHUSETTS",42.52148,-70.88366
"72","76001972",NA,"Lowell Locks and Canals Historic District","Listed","Single",FALSE,125,"ENGINEERING; INDUSTRY","DISTRICT","MASSACHUSETTS","Middlesex","Lowell","Between Middlesex St. and the Merrimack River","https://catalog.archives.gov/id/63796115","8/13/76","12/22/77","See Also:Belvidere Hill Historic District","Lowell","76001972","lowell locks and canals","Lowell Locks and Canals Historic District Middlesex MASSACHUSETTS",42.470754996161,-71.210517022391
"73","66000772",NA,"Nantucket Historic District","Listed","Single",FALSE,30000,"INDUSTRY; COMMERCE; ARCHITECTURE","DISTRICT","MASSACHUSETTS","Nantucket","Nantucket","Nantucket Island",NA,"11/13/66","11/13/66",NA,NA,"66000772","nantucket","Nantucket Historic District Nantucket MASSACHUSETTS",41.268186,-70.086871
"74","66000773",NA,"New Bedford Historic District","Listed","Single",FALSE,19.6,"INDUSTRY; COMMERCE","DISTRICT","MASSACHUSETTS","Bristol","New Bedford","Bounded by Front St. on E, Elm St. on N, Acushnet Ave. on W, and Commercial St. on S","https://catalog.archives.gov/id/63793659","11/13/66","11/13/66","see also: New Bedford Whaling National Historical Park",NA,"66000773","new bedford","New Bedford Historic District Bristol MASSACHUSETTS",41.64983,-70.92643
"75","66000774",NA,"Old Deerfield Village Historic District","Listed","Single",FALSE,800,"EXPLORATION/SETTLEMENT","DISTRICT","MASSACHUSETTS","Franklin","Deerfield","W of US 5, bounded by Mill Village Rd., ""The Street"", Broughton's Pond Rd., and Pogues Hole Rd.","https://catalog.archives.gov/id/63795149","10/15/66","10/9/60",NA,NA,"66000774","old deerfield village","Old Deerfield Village Historic District Franklin MASSACHUSETTS",42.54842,-72.60426
"76","71000355","MP","Twin Lights Historic District-Cape Ann Light Station","Listed","Multiple",FALSE,50,"ENGINEERING; TRANSPORTATION","DISTRICT","MASSACHUSETTS","Essex","Rockport","1 mi. E of Rockport on Thatcher's Island","https://catalog.archives.gov/id/63790218","10/7/71","1/3/01","Thatcher's Island Twin Lights;Cape Anne Light Station",NA,"71000355","twin lights-cape ann light station","Twin Lights Historic District-Cape Ann Light Station Essex MASSACHUSETTS",42.631566,-70.783792
"77","89001097","ADNL","Calumet Historic District","Done","NHL Updated Documentation",TRUE,340,"INDUSTRY; ENGINEERING","district","MICHIGAN","Houghton","Calumet","Address Restricted",NA,NA,"9/2/24",NA,NA,"89001097","calumet","Calumet Historic District Houghton MICHIGAN",42.785662,-86.114771
"78","89001097",NA,"Calumet Historic District","Listed","Single",TRUE,340,"INDUSTRY; ENGINEERING","DISTRICT","MICHIGAN","Houghton","Calumet","Address Restricted","https://catalog.archives.gov/id/25338750","3/28/89","3/28/89","See Also: Calumet Downtown Historic District;Calumet and Hec",NA,"89001097","calumet","Calumet Historic District Houghton MICHIGAN",42.785662,-86.114771
"79","100006259","NL","Minong Copper Mining Historic District","Listed","NHL",TRUE,275,"INDUSTRY; PREHISTORIC; HISTORIC - ABORIGINAL","district","MICHIGAN","Keweenaw","Isle Royale National Park","Address Restricted",NA,NA,"1/13/21",NA,NA,"77000153","minong copper mining","Minong Copper Mining Historic District Keweenaw MICHIGAN",42.785662,-86.114771
"80","89001095","ADNL","Quincy Mining Company Historic District","Done","NHL Updated Documentation",FALSE,1063.46,"INDUSTRY; ENGINEERING","district","MICHIGAN","Houghton","Hancock","Area N from Portage Lake to Quincy Hill and along US 41",NA,NA,"12/13/24",NA,NA,"89001095","quincy mining company","Quincy Mining Company Historic District Houghton MICHIGAN",47.12576,-88.55873
"81","89001095",NA,"Quincy Mining Company Historic District","Listed","Single",FALSE,779,"INDUSTRY; ENGINEERING","DISTRICT","MICHIGAN","Houghton","Hancock","Area N from Portage Lake to Quincy Hill and along US 41","https://catalog.archives.gov/id/25338748","2/10/89","2/10/89","See Also: Quincy Mine No. 2 Shaft Hoist House",NA,"89001095","quincy mining company","Quincy Mining Company Historic District Houghton MICHIGAN",47.12576,-88.55873
"82","89001665",NA,"Cooke, Jay, State Park CCC/Rustic Style Historic District","Listed","Multiple",FALSE,6.5,"LANDSCAPE ARCHITECTURE; ENTERTAINMENT/RECREATION; POLITICS/GOVERNMENT; ARCHITECTURE","DISTRICT","MINNESOTA","Carlton","Carlton","Off MN 210 E of Carlton, Thomson Township","https://catalog.archives.gov/id/93200146","6/11/92","12/8/76","Jay Cooke State Park",NA,"89001665","cooke, jay, state park ccc/rustic style","Cooke, Jay, State Park CCC/Rustic Style Historic District Carlton MINNESOTA",46.6646639,-92.4226646
"83","08001092",NA,"Lyceum-The Circle Historic District","Listed","Single",FALSE,10,"EDUCATION; POLITICS/GOVERNMENT; LAW; SOCIAL HISTORY; BLACK","DISTRICT","MISSISSIPPI","Lafayette","Oxford","University Circle, University of Mississippi","https://catalog.archives.gov/id/73890582","10/6/08","10/6/08",NA,NA,"08001092","lyceum-the circle","Lyceum-The Circle Historic District Lafayette MISSISSIPPI",34.3642006,-89.5195082
"84","66000892",NA,"Ste. Genevieve Historic District","Listed","Single",FALSE,0,"EXPLORATION/SETTLEMENT; ARCHITECTURE","DISTRICT","MISSOURI","Ste. Genevieve","Ste. Genevieve","Address unknown at this time","https://catalog.archives.gov/id/63818198","10/15/66","10/9/60","See Also:Bolduc, Louis, House",NA,"66000892","ste. genevieve","Ste. Genevieve Historic District Ste. Genevieve MISSOURI",37.98,-90.04333
"85","71001066",NA,"Truman, Harry S, Historic District","Listed","Single",FALSE,0,"POLITICS/GOVERNMENT","DISTRICT","MISSOURI","Jackson","Independence","Range 32 West, Township 49 North, Sections 2 and 3; Range 32  West, Township 50 North, Sections 34 and 35.",NA,"11/11/71","11/11/71","See Also:Harry S Truman National Historic Site",NA,"71001066","truman, harry s,","Truman, Harry S, Historic District Jackson MISSOURI",39.09306,-94.41556
"86","79003636",NA,"Washington University Hilltop Campus Historic District","Listed","Single",FALSE,58,"LANDSCAPE ARCHITECTURE; ENTERTAINMENT/RECREATION; EDUCATION; SCIENCE; ARCHITECTURE","DISTRICT","MISSOURI","St. Louis","St. Louis (Independent City)","Roughly bounded by Big Bend, Forsyth, Skinker, and Millbrook Blvds.","https://catalog.archives.gov/id/63820340","1/12/79","2/27/87","Washington University Hilltop Campus Historic District Natio",NA,"79003636","washington university hilltop campus","Washington University Hilltop Campus Historic District St. Louis MISSOURI",38.64799,-90.30409
"87","66000426",NA,"Bannack Historic District","Listed","Single",FALSE,1720,"INDUSTRY; EXPLORATION/SETTLEMENT; POLITICS/GOVERNMENT","DISTRICT","MONTANA","Beaverhead","Dillon","22 mi. from Dillon off MT 278",NA,"10/15/66","7/4/61",NA,NA,"66000426","bannack","Bannack Historic District Beaverhead MONTANA",45.212086985357,-112.993252272815
"88","66000438","AD","Butte-Anaconda Historic District (Additional Documentation)","Listed","Add.Doc.",FALSE,2720,"INDUSTRY","district","MONTANA","Silver Bow","Butte","308-310 West Silver Street","https://catalog.archives.gov/id/71975591","10/15/66","7/4/61",NA,NA,"66000438","butte-anaconda (additional documentation)","Butte-Anaconda Historic District (Additional Documentation) Silver Bow MONTANA",48.8730613,-108.7187603
"89","76000173","MP","Many Glacier Hotel Historic District","Listed","Multiple",FALSE,75.6,"ARCHITECTURE; POLITICS/GOVERNMENT; ENTERTAINMENT/RECREATION; LANDSCAPE ARCHITECTURE; COMMERCE","DISTRICT","MONTANA","Glacier","Babb","W of Babb","https://catalog.archives.gov/id/71975102","9/29/76","5/28/87","See Also:Great Northern Railway Buildings","Glacier","76000173","many glacier hotel","Many Glacier Hotel Historic District Glacier MONTANA",48.7967,-113.6578
"90","66000435",NA,"Virginia City Historic District","Listed","Single",FALSE,20000,"EXPLORATION/SETTLEMENT; POLITICS/GOVERNMENT","DISTRICT","MONTANA","Madison","Virginia City","Wallace St.","https://catalog.archives.gov/id/71975579","10/15/66","7/4/61",NA,NA,"66000435","virginia city","Virginia City Historic District Madison MONTANA",37.17735,-80.23643
"91","66000458",NA,"Virginia City Historic District","Listed","Single",FALSE,14750,"INDUSTRY; COMMERCE; ENGINEERING; POLITICS/GOVERNMENT; ARCHITECTURE","DISTRICT","NEVADA","Storey","Virginia City","Virginia City and its environs","https://catalog.archives.gov/id/63816681","10/15/66","7/4/61","See Also:Parish House;Chollar Mansion;Prescott, C.J., House;",NA,"66000458","virginia city","Virginia City Historic District Storey NEVADA",39.303182,-119.652657
"92","71000072","MP","Harrisville Historic District","Listed","Multiple",FALSE,315,"INDUSTRY; ARCHITECTURE","DISTRICT","NEW HAMPSHIRE","Cheshire","Harrisville and vicinity","Town of Harrisville and its environs","https://catalog.archives.gov/id/77844436","9/17/71","12/22/77",NA,NA,"71000072","harrisville","Harrisville Historic District Cheshire NEW HAMPSHIRE",42.94536,-72.09397
"93","70000383","AD","Cape May Historic District (Additional Documentation)","Listed","Add.Doc.",FALSE,380,"CONSERVATION; ARCHITECTURE; ENTERTAINMENT/RECREATION","district","NEW JERSEY","Cape May","Cape May","Cape May",NA,"12/29/70","5/11/76",NA,NA,"70000383","cape may (additional documentation)","Cape May Historic District (Additional Documentation) Cape May NEW JERSEY",38.934438,-74.922368
"94","78001764",NA,"Clark Thread Company Historic District","Listed","Single",FALSE,13,"INDUSTRY","DISTRICT","NEW JERSEY","Hudson","East Newark","900 Passaic Ave.",NA,"6/2/78","6/16/78","East Newark Industrial Center;First Republic Industrial Cent",NA,"78001764","clark thread company","Clark Thread Company Historic District Hudson NEW JERSEY",40.72816,-74.07764
"95","80002505",NA,"Fort Hancock and the Sandy Hook Proving Ground Historic District","Listed","Single",FALSE,4584,"MILITARY; ENGINEERING; SOCIAL HISTORY","DISTRICT","NEW JERSEY","Monmouth","Fort Hancock and vicinity","NJ 36",NA,"4/24/80","12/17/82","Fort Hancock","Gateway","80002505","fort hancock and the sandy hook proving ground","Fort Hancock and the Sandy Hook Proving Ground Historic District Monmouth NEW JERSEY",40.4668288,-74.0029244
"96","70000391",NA,"Great Falls of Paterson/S.U.M. Historic District","Listed","Single",FALSE,108,"INDUSTRY; COMMERCE; ENGINEERING; TRANSPORTATION; ARCHITECTURE","DISTRICT","NEW JERSEY","Passaic","Paterson","At Passaic River",NA,"4/17/70","5/11/76","Great Falls of the Passaic/Society for Useful Manufacturers",NA,"70000391","great falls of paterson/s.u.m.","Great Falls of Paterson/S.U.M. Historic District Passaic NEW JERSEY",40.9153221,-74.180483
"97","89000761",NA,"Princeton Battlefield -Stony Brook Village Historic District (Boundary Increase)","Listed","Single",FALSE,285,"MILITARY; EXPLORATION/SETTLEMENT","DISTRICT","NEW JERSEY","Mercer","Princeton","Roughly Quaker Rd. from Stockton Rd. to Stony Brook",NA,"10/10/89","1/20/61","Princeton Battlefield--Stony Brook Village Historic District",NA,"89000761","princeton battlefield -stony brook village (boundary increase)","Princeton Battlefield -Stony Brook Village Historic District (Boundary Increase) Mercer NEW JERSEY",40.34872,-74.65905
"98","100003698","BC","Princeton Battlefield-Stony Brook Village Historic District  (Boundary Increase II)","Listed","Boundary",TRUE,4.7,"MILITARY; ARCHEOLOGY; HISTORIC - NON-ABORIGINAL","district","NEW JERSEY","Mercer","Princeton","Address Restricted",NA,"4/26/19","1/20/61","Princeton Battlefield-D'Ambrisi Property; 28-Me-393",NA,"66000466","princeton battlefield-stony brook village  (boundary increase ii)","Princeton Battlefield-Stony Brook Village Historic District  (Boundary Increase II) Mercer NEW JERSEY",40.34872,-74.65905
"99","87001452",NA,"Bandelier CCC Historic District","Listed","Single",FALSE,54,"ARCHITECTURE; SOCIAL HISTORY","DISTRICT","NEW MEXICO","Los Alamos","Bandelier National Monument","Off NM 4","https://catalog.archives.gov/id/77846990","5/28/87","5/28/87","Bandelier Buildings and Frijoles Canyon Lodge","Bandelier","87001452","bandelier ccc","Bandelier CCC Historic District Los Alamos NEW MEXICO",35.881943,-106.307723
"100","68000032","AD","Barrio de Analco Historic District (Additional Documentation)","Listed","Add.Doc.",FALSE,18,"ARCHITECTURE","DISTRICT","NEW MEXICO","Santa Fe","Santa Fe","Roughly bounded by E. De Vargas and College Sts.","https://catalog.archives.gov/id/77847010","11/24/68","11/24/68",NA,NA,"68000032","barrio de analco (additional documentation)","Barrio de Analco Historic District (Additional Documentation) Santa Fe NEW MEXICO",35.68698,-105.9378
"101","02000726",NA,"Fort Bayard Historic District","Listed","Single",FALSE,704,"MILITARY; EXPLORATION/SETTLEMENT; HEALTH/MEDICINE; ARCHITECTURE","DISTRICT","NEW MEXICO","Grant","Santa Clara","0.5 mi. N of jct. of US 180 and NM 152","https://catalog.archives.gov/id/77847308","7/7/02","4/19/04",NA,NA,"02000726","fort bayard","Fort Bayard Historic District Grant NEW MEXICO",32.79611,-108.14972
"102","67000007",NA,"Las Trampas Historic District","Listed","Single",FALSE,1000,"COMMUNITY PLANNING AND DEVELOPMENT; ARCHITECTURE","DISTRICT","NEW MEXICO","Taos","Las Trampas","On NM 76","https://catalog.archives.gov/id/77847036","5/28/67","5/28/67",NA,NA,"67000007","las trampas","Las Trampas Historic District Taos NEW MEXICO",36.13553546972,-105.693381436559
"103","66000477",NA,"Lincoln Historic District","Listed","Single",FALSE,2348,"POLITICS/GOVERNMENT; AGRICULTURE","DISTRICT","NEW MEXICO","Lincoln","Lincoln","U.S. 380","https://catalog.archives.gov/id/77846986","10/15/66","12/19/60",NA,NA,"66000477","lincoln","Lincoln Historic District Lincoln NEW MEXICO",33.49203,-105.38387
"104","82001275",NA,"Boston Post Road Historic District","Listed","Single",FALSE,300,"PREHISTORIC; ARCHITECTURE; CONSERVATION","DISTRICT","NEW YORK","Westchester","Rye","Roughly bounded by Boston Post Rd. and Milton Harbor","https://catalog.archives.gov/id/75322965","10/29/82","8/30/93",NA,NA,"82001275","boston post road","Boston Post Road Historic District Westchester NEW YORK",40.894616152913,-73.809307138004
"105","66000524",NA,"Brooklyn Heights Historic District","Listed","Single",FALSE,140,"ARCHITECTURE","DISTRICT","NEW YORK","Kings","New York","Borough of Brooklyn, bounded by Atlantic Ave., Court and Fulton Sts. and the East River","https://catalog.archives.gov/id/75315651","10/15/66","1/29/64","Brooklyn Heights;See Also:Holy Trinity (Protestant Episcopal",NA,"66000524","brooklyn heights","Brooklyn Heights Historic District Kings NEW YORK",40.69583,-73.995
"106","72000910",NA,"Casino-Congress Park-Circular Street Historic District","Listed","Single",FALSE,33,"COMMUNITY PLANNING AND DEVELOPMENT; ARCHITECTURE; SOCIAL HISTORY","DISTRICT","NEW YORK","Saratoga","Saratoga Springs","Bounded by Broadway, Spring, and Circular Sts.","https://catalog.archives.gov/id/75321552","6/19/72","2/27/87","See Also: Canfield Casino and Congress Park",NA,"72000910","casino-congress park-circular street","Casino-Congress Park-Circular Street Historic District Saratoga NEW YORK",43.087827007802,-73.779550664965
"107","73001168",NA,"Chautauqua Institution Historic District","Listed","Single",FALSE,207,"LANDSCAPE ARCHITECTURE; EDUCATION; ARCHITECTURE; RELIGION","DISTRICT","NEW YORK","Chautauqua","Chautauqua","Bounded by Chautauqua Lake, North and Lowell Aves., and NY 17-J","https://catalog.archives.gov/id/75316759","6/19/73","6/29/89","Chatauqua Assembly",NA,"73001168","chautauqua institution","Chautauqua Institution Historic District Chautauqua NEW YORK",42.210684,-79.471833
"108","93001603",NA,"Cobblestone Historic District","Listed","Single",FALSE,0.9,"ARCHITECTURE","DISTRICT","NEW YORK","Orleans","Childs","Ridge Rd. (NY 104), Gaines Township","https://catalog.archives.gov/id/75316014","4/19/93","4/19/93","First Universalist Church;The Ward House;District 5 Schoolho",NA,"93001603","cobblestone","Cobblestone Historic District Orleans NEW YORK",43.198672971074,-78.008335593312
"109","84003181",NA,"Delanson Historic District","Listed","Multiple",FALSE,11,"ARCHITECTURE","DISTRICT","NEW YORK","Schenectady","Delanson","Main St.","https://catalog.archives.gov/id/75314601","10/11/84","1/12/65",NA,NA,"84003181","delanson","Delanson Historic District Schenectady NEW YORK",42.749521,-74.185158
"110","08000659",NA,"Geneseo Historic District","Listed","Single",FALSE,808,"ARCHITECTURE","DISTRICT","NEW YORK","Livingston","Geneseo","Historic core and most fashionable area as well as both Wadsworth Estates; The Homeste and Hartford House","https://catalog.archives.gov/id/75315791","7/17/77","7/17/77","Main Street Historic District;The Homestead;Hartford House",NA,"08000659","geneseo","Geneseo Historic District Livingston NEW YORK",42.733553660012,-77.850373260676
"111","78003151",NA,"Harmony Mill Historic District","Listed","Single",FALSE,120,"INDUSTRY; ARCHITECTURE","DISTRICT","NEW YORK","Albany","Cohoes","Between Mohawk River and RR tracks","https://catalog.archives.gov/id/75316239","1/12/78","1/20/99","See also:Harmony Mill No. 3",NA,"78003151","harmony mill","Harmony Mill Historic District Albany NEW YORK",42.781832323466,-73.706124924685
"112","90002219",NA,"Hudson River Heritage Historic District","Listed","Single",FALSE,0,"EXPLORATION/SETTLEMENT; SOCIAL HISTORY; EUROPEAN; ARCHITECTURE; LANDSCAPE ARCHITECTURE","DISTRICT","NEW YORK","Dutchess","Staatsburg","E. side Hudson R. between Germantown and Staatsburg","https://catalog.archives.gov/id/75315704","12/14/90","12/14/90",NA,NA,"90002219","hudson river heritage","Hudson River Heritage Historic District Dutchess NEW YORK",41.76515,-73.74286
"113","66000578",NA,"Huguenot Street Historic District","Listed","Single",FALSE,9.5,"EXPLORATION/SETTLEMENT; ARCHITECTURE","DISTRICT","NEW YORK","Ulster","New Paltz","Huguenot St.","https://catalog.archives.gov/id/75316095","10/15/66","10/9/60",NA,NA,"66000578","huguenot street","Huguenot Street Historic District Ulster NEW YORK",41.75222,-74.08833
"114","66000577",NA,"Hurley Historic District","Listed","Single",FALSE,25,"MILITARY; EXPLORATION/SETTLEMENT; ARCHITECTURE","DISTRICT","NEW YORK","Ulster","Hurley","Hurley St., Hurley Mountain Rd., and Schoonmaker Lane","https://catalog.archives.gov/id/75316101","10/15/66","11/5/61","Dutch Stone Houses of Hurley Village and Vicinity",NA,"66000577","hurley","Hurley Historic District Ulster NEW YORK",41.97037,-74.11848
"115","77000948",NA,"Main Street Historic District","Listed","Single",FALSE,120,"ARCHITECTURE","DISTRICT","NEW YORK","Livingston","Geneseo","Main St. from the courthouse at Court and North Sts.","https://catalog.archives.gov/id/75318672","7/9/77","7/17/91","Geneseo Historic District;See Also:Main Street Historic Dist",NA,"77000948","main street","Main Street Historic District Livingston NEW YORK",43.2202843,-78.3870481
"116","85000642",NA,"Main Street Historic District (Boundary Increase)","Listed","Single",FALSE,555,"ARCHITECTURE","DISTRICT","NEW YORK","Livingston","Geneseo","Roughly bounded by NY 39, Temple Hills Cemetery, South St. and Main","https://catalog.archives.gov/id/75318674","3/21/85","7/17/91","Geneseo Historic District;See Also:Main Street Historic Dist",NA,"85000642","main street (boundary increase)","Main Street Historic District (Boundary Increase) Livingston NEW YORK",42.191261046079,-74.778215425107
"117","93001621",NA,"Mohawk Upper Castle Historic District","Listed","Single",TRUE,51.5,"HISTORIC - ABORIGINAL","DISTRICT","NEW YORK","Herkimer","Danube","Address Restricted",NA,"11/4/93","11/4/93","Nowadaga;Canajoharie;Indian Castle;Brant Homestead;Indian Ca",NA,"93001621","mohawk upper castle","Mohawk Upper Castle Historic District Herkimer NEW YORK",43.003799,-74.7778285
"118","66000556",NA,"Old Fort Niagara-Colonial Niagara Historic District","Listed","Single",FALSE,25,"HISTORIC - NON-ABORIGINAL; MILITARY; EXPLORATION/SETTLEMENT","DISTRICT","NEW YORK","Niagara","Youngstown","N of Youngstown on NY 18",NA,"10/15/66","10/9/60","Colonial Niagara Historic District",NA,"66000556","old fort niagara-colonial niagara","Old Fort Niagara-Colonial Niagara Historic District Niagara NEW YORK",43.11545,-78.98098
"119","78001883",NA,"Soho Historic District","Listed","Single",FALSE,73,"COMMERCE; ARCHITECTURE","DISTRICT","NEW YORK","New York","New York","Roughly bounded by W. Broadway, Houston, Crosby, and Canal Sts.","https://catalog.archives.gov/id/75319915","6/29/78","6/2/78","Soho Cast Iron Historic District",NA,"78001883","soho","Soho Historic District New York NEW YORK",40.72378,-73.9999
"120","78001948",NA,"Bethabara Historic District","Listed","Single",FALSE,41,"COMMUNITY PLANNING AND DEVELOPMENT; HISTORIC - NON-ABORIGINAL; EXPLORATION/SETTLEMENT; ARCHITECTURE; RELIGION; SOCIAL HISTORY","DISTRICT","NORTH CAROLINA","Forsyth","Winston-Salem","N of Winston-Salem on NC 67","https://catalog.archives.gov/id/47720163","11/15/78","1/20/99",NA,NA,"78001948","bethabara","Bethabara Historic District Forsyth NORTH CAROLINA",35.66819,-80.46867
"121","76001321",NA,"Bethania Historic District","Listed","Single",FALSE,50,"COMMUNITY PLANNING AND DEVELOPMENT; ARCHITECTURE; RELIGION; SOCIAL HISTORY","DISTRICT","NORTH CAROLINA","Forsyth","Winston-Salem","N of Winston-Salem on NC 65, SR 1611, 1628, and 1688","https://catalog.archives.gov/id/47720210","5/3/76","8/7/01","See Also:Bethania Historic District (Boundary Increase)",NA,"76001321","bethania","Bethania Historic District Forsyth NORTH CAROLINA",35.66819,-80.46867
"122","66000591","AD","Old Salem Historic District","Listed","Add.Doc.",FALSE,223,"ARCHEOLOGY; BLACK; EXPLORATION/SETTLEMENT; EDUCATION; HISTORIC - NON-ABORIGINAL; COMMUNITY PLANNING AND DEVELOPMENT; INDUSTRY; COMMERCE; EUROPEAN; ARCHITECTURE; SOCIAL HISTORY","district","NORTH CAROLINA","Forsyth","Winston-Salem","600 S. Main St. (Salem College campus and area near Salem Sq.)",NA,"11/13/66","11/13/66",NA,NA,"66000591","old salem","Old Salem Historic District Forsyth NORTH CAROLINA",35.66819,-80.46867
"123","73001361",NA,"Pinehurst Historic District","Listed","Single",FALSE,250,"LANDSCAPE ARCHITECTURE; ARCHITECTURE; SOCIAL HISTORY","DISTRICT","NORTH CAROLINA","Moore","Pinehurst","Roughly bounded by Norfolk & Southern RR tracks, McLean Rd. and NC 5","https://catalog.archives.gov/id/47721456","8/14/73","6/19/96",NA,NA,"73001361","pinehurst","Pinehurst Historic District Moore NORTH CAROLINA",35.66819,-80.46867
"124","100011805","BC","Fort Union Trading Post National Historic Site Historic District (Boundary Increase)","Listed","Boundary",FALSE,NA,"HISTORIC - NON-ABORIGINAL; EXPLORATION/SETTLEMENT","SITE","NORTH DAKOTA","Williams","Williston","1550 Highway 1804","https://catalog.archives.gov/id/75326801","5/9/25","7/4/61",NA,"Ft. Union Trading Post","66000103","fort union trading post national historic site (boundary increase)","Fort Union Trading Post National Historic Site Historic District (Boundary Increase) Williams NORTH DAKOTA",48.0003,-104.04521
"125","100011806","BC","Fort Union Trading Post National Historic Site Historic District (Boundary Increase)","Listed","Boundary",TRUE,418.53,"EXPLORATION/SETTLEMENT; TRANSPORTATION; POLITICS/GOVERNMENT; SCIENCE; ART; ETHNIC HERITAGE-NATIVE AMERICAN; ETHNIC HERITAGE-OTHER-ETHNIC; COMMERCE; ARCHEOLOGY-HISTORIC ABORIGINAL; ARCHEOLOGY-HISTORIC NON-ABORIGINAL","site","NORTH DAKOTA","Williams","Williston","1550 Highway 1804","https://catalog.archives.gov/id/75326801","5/9/25","7/4/61",NA,"Ft. Union Trading Post","66000103","fort union trading post national historic site (boundary increase)","Fort Union Trading Post National Historic Site Historic District (Boundary Increase) Williams NORTH DAKOTA",48.0003,-104.04521
"126","66000103","AD","Fort Union Trading Post National Historic Site Historic District Additional Documentation)","Listed","Add.Doc.",TRUE,240.5,"EXPLORATION/SETTLEMENT; ARCHEOLOGY-HISTORIC ABORIGINAL; ARCHEOLOGY-HISTORIC NON-ABORIGINAL; COMMERCE; TRANSPORTATION; POLITICS/GOVERNMENT; SCIENCE; ART; ETHNIC HERITAGE-NATIVE AMERICAN; ETHNIC HERITAGE-OTHER-ETHNIC","site","NORTH DAKOTA","Williams","Williston","1550 Highway 1804","https://catalog.archives.gov/id/75326801","10/15/66","7/4/61",NA,"Ft. Union Trading Post","66000103","fort union trading post national historic site additional documentation)","Fort Union Trading Post National Historic Site Historic District Additional Documentation) Williams NORTH DAKOTA",48.0003,-104.04521
"127","76001447",NA,"Glendale Historic District","Listed","Single",FALSE,392,"COMMUNITY PLANNING AND DEVELOPMENT; TRANSPORTATION; ARCHITECTURE","DISTRICT","OHIO","Hamilton","Glendale","OH 747","https://catalog.archives.gov/id/71989055","7/20/76","5/5/77",NA,NA,"76001447","glendale","Glendale Historic District Hamilton OHIO",39.27284,-84.46855
"128","100003285","BC","Glendale Historic District (Boundary Increase and Decrease)","Listed","Boundary",FALSE,36.84,"COMMUNITY PLANNING AND DEVELOPMENT; TRANSPORTATION; ARCHITECTURE; ETHNIC HERITAGE; BLACK","district","OHIO","Hamilton","Glendale","Roughly bounded by OH 4/Springfield Pike, Oak Rd., RR right of way, Coral, Sharon and Morse Aves.,",NA,"12/18/18","5/5/77",NA,NA,"76001447","glendale (boundary increase and decrease)","Glendale Historic District (Boundary Increase and Decrease) Hamilton OHIO",38.56675,-82.76017
"129","100000800","NL","Greenhills Historic District","Listed","NHL",FALSE,NA,NA,"district","OHIO","Hamilton","Greenhills","Roughly Damon and Ingram Rds. on the north, the corporate limit on the west and south, and Farragut Rd. on the east",NA,NA,"12/23/16",NA,NA,"100000800","greenhills","Greenhills Historic District Hamilton OHIO",39.26728,-84.52411
"130","74001536",NA,"Mount Pleasant Historic District","Listed","Single",FALSE,54,"INDUSTRY; ARCHITECTURE; RELIGION; SOCIAL HISTORY","DISTRICT","OHIO","Jefferson","Mt. Pleasant","Roughly bounded by Union Street Alleys, Cemetery Street, and Market Street.","https://catalog.archives.gov/id/71989480","6/28/74","4/5/05","See Also:Friends Meetinghouse;Lundy,Benjamin,House",NA,"74001536","mount pleasant","Mount Pleasant Historic District Jefferson OHIO",40.17563,-80.79897
"131","16000859",NA,"Zoar Historic District","Listed","Single",FALSE,208,"ARCHITECTURE; ETHNIC HERITAGE; EUROPEAN; LANDSCAPE ARCHITECTURE; SOCIAL HISTORY","district","OHIO","Tuscarawas","Zoar","Roughly bounded by Fifth St., Zoar Cemetery, Cemetery Rd. - Lake Dr., Tuscarawas R., OH 212, East Second and East Sts.",NA,"10/31/16","10/31/16","Zoar Village; Zoar State Memorial",NA,"16000859","zoar","Zoar Historic District Tuscarawas OHIO",40.61451,-81.42234
"132","75001568",NA,"Boley Historic District","Listed","Single",FALSE,34.5,"COMMUNITY PLANNING AND DEVELOPMENT; COMMERCE; BLACK; POLITICS/GOVERNMENT; SOCIAL HISTORY","DISTRICT","OKLAHOMA","Okfuskee","Boley","Roughly bounded by Seward Ave., Walnut and Cedar Sts. and the southern city limits","https://catalog.archives.gov/id/86510633","5/15/75","5/15/75",NA,NA,"75001568","boley","Boley Historic District Okfuskee OKLAHOMA",35.49056,-96.48306
"133","74001664",NA,"Guthrie Historic District","Listed","Single",FALSE,1483,"POLITICS/GOVERNMENT; ARCHITECTURE","DISTRICT","OKLAHOMA","Logan","Guthrie","Roughly bounded by 14th St., College Ave., Pine St., and Lincoln Ave.","https://catalog.archives.gov/id/86511417","6/13/74","1/20/99","See Also:Carnegie Library;Co-operative Publishing Company Bu",NA,"74001664","guthrie","Guthrie Historic District Logan OKLAHOMA",35.8775,-97.42611
"134","11000628","MP","Platt National Park Historic District","Listed","Multiple",FALSE,NA,"LANDSCAPE ARCHITECTURE; ARCHITECTURE; CONSERVATION; POLITICS/GOVERNMENT","DISTRICT","OKLAHOMA","Murray","Sulpher","OK 7 at US 177",NA,"7/7/11","7/7/11","Sulphur Springs Reservation; Travertine, Platt District, Chickasaw Nat. Recreation Area","Chickasaw","11000628","platt national park","Platt National Park Historic District Murray OKLAHOMA",34.46049,-97.00716
"135","86000727",NA,"Bonneville Dam Historic District","Listed","Single",FALSE,87.8,"INDUSTRY; LANDSCAPE ARCHITECTURE; ENGINEERING; TRANSPORTATION; POLITICS/GOVERNMENT; ARCHITECTURE","DISTRICT","OREGON","Multnomah","Bonneville","Columbia River between Bradford and Cascade Islands off I-80 in Multnomah County, Oregon to WA 14 in Skamania County, WA","https://catalog.archives.gov/id/77848624","4/9/86","6/30/87","Powerhouse,Navigation Lock and Administrative Site;See Also:",NA,"86000727","bonneville dam","Bonneville Dam Historic District Multnomah OREGON",45.64428,-121.94064
"136","86003598",NA,"Bonneville Dam Historic District (Boundary Increase)","Listed","Single",FALSE,9.2,"CONSERVATION; EDUCATION; POLITICS/GOVERNMENT; ARCHITECTURE","DISTRICT","OREGON","Multnomah","Bonneville","Roughly bounded by Mitchell Creek Bypass, SW District boundary, Union Pacific right-of-way, and Hatchery Service Rd.","https://catalog.archives.gov/id/77850863","3/26/87","6/30/87","Bonneville Hatchery;Central Hatchery;See Also:Bonneville Dam",NA,"86003598","bonneville dam (boundary increase)","Bonneville Dam Historic District (Boundary Increase) Multnomah OREGON",45.636198,-121.949782
"137","83004168",NA,"Columbia River Highway Historic District","Listed","Single",FALSE,529,"ENGINEERING; TRANSPORTATION","DISTRICT","OREGON","Multnomah","Troutdale","Roughly bounded by the Sandy River Bridge, Troutdale, Multnomah County on the West, the Chenoweth Creek Bridge, etc.","https://catalog.archives.gov/id/77848627","12/12/83","5/16/00",NA,NA,"83004168","columbia river highway","Columbia River Highway Historic District Multnomah OREGON",45.5340547,-122.2323036
"138","66000950",NA,"Jacksonville Historic District","Listed","Single",FALSE,326,"COMMERCE","DISTRICT","OREGON","Jackson","Jacksonville","Jacksonville city limits","https://catalog.archives.gov/id/77849357","11/13/66","11/13/66",NA,NA,"66000950","jacksonville","Jacksonville Historic District Jackson OREGON",42.32733981497,-122.941144575691
"139","75001597",NA,"Portland Skidmore/Old Town Historic District","Listed","Single",FALSE,44,"COMMERCE; ART; ARCHITECTURE; PERFORMING ARTS","DISTRICT","OREGON","Multnomah","Portland","Roughly bounded by Harbor Dr., Everett, 3rd, and Oak Sts.","https://catalog.archives.gov/id/77850656","12/6/75","5/5/77","Skidmore/Old Town Historic District",NA,"75001597","portland skidmore/old town","Portland Skidmore/Old Town Historic District Multnomah OREGON",45.516018,-122.681425
"140","84001413",NA,"Bedford Springs Hotel Historic District","Listed","Single",FALSE,300,"ARCHITECTURE; POLITICS/GOVERNMENT; ENTERTAINMENT/RECREATION","DISTRICT","PENNSYLVANIA","Bedford","Bedford","US 220, Bedford Township","https://catalog.archives.gov/id/71994143","12/20/84","7/17/91","Bedford Springs Hotel",NA,"84001413","bedford springs hotel","Bedford Springs Hotel Historic District Bedford PENNSYLVANIA",39.9973,-78.50974
"141","08001087",NA,"Bryn Athyn Historic District","Listed","Single",FALSE,37.7,"ARCHITECTURE; ART; TRANSPORTATION","DISTRICT","PENNSYLVANIA","Montgomery","Bryn Athyn","Huntington Pike and Cathedral Road","https://catalog.archives.gov/id/71994153","10/6/08","10/6/08","Pitcairn Residences: Cairnwood, Cairncrest, Glencairn; Bryn Athlyn Cathedral",NA,"08001087","bryn athyn","Bryn Athyn Historic District Montgomery PENNSYLVANIA",40.13334,-75.061886
"142","98001372",NA,"Chatham Village Historic District","Listed","Single",FALSE,46.4,"COMMUNITY PLANNING AND DEVELOPMENT; LANDSCAPE ARCHITECTURE; ARCHITECTURE","DISTRICT","PENNSYLVANIA","Allegheny","Pittsburgh","Roughly bounded by Virginia Ave., Bigham St.,Woodruff St., Saw Mill Run Blvd., and Olympia Rd.","https://catalog.archives.gov/id/71994391","11/25/98","4/5/05",NA,NA,"98001372","chatham village","Chatham Village Historic District Allegheny PENNSYLVANIA",40.385217969129,-79.961827429191
"143","66000678",NA,"Colonial Germantown Historic District","Listed","Single",FALSE,113,"INDUSTRY; EUROPEAN; ARCHITECTURE; RELIGION","DISTRICT","PENNSYLVANIA","Philadelphia","Philadelphia","Germantown Ave. between Windrim Ave. and Upsal St.","https://catalog.archives.gov/id/71997142","10/15/66","6/23/65","Germantown;See Also:Cliveden;Independence National Historica",NA,"66000678","colonial germantown","Colonial Germantown Historic District Philadelphia PENNSYLVANIA",40.086321448528,-75.230973961602
"144","66000681",NA,"Elfreth's Alley Historic District","Listed","Single",FALSE,3.5,"ARCHITECTURE","DISTRICT","PENNSYLVANIA","Philadelphia","Philadelphia","Between 2nd and Front Sts.","https://catalog.archives.gov/id/71994263","10/15/66","10/9/60",NA,NA,"66000681","elfreth's alley","Elfreth's Alley Historic District Philadelphia PENNSYLVANIA",39.952763484725,-75.142379347747
"145","73002139",NA,"Harmony Historic District","Listed","Single",FALSE,17,"SOCIAL HISTORY","DISTRICT","PENNSYLVANIA","Butler","Harmony","PA 68","https://catalog.archives.gov/id/71994863","3/21/73","5/30/74","Harmony",NA,"73002139","harmony","Harmony Historic District Butler PENNSYLVANIA",40.816216932106,-80.023270523433
"146","12001016",NA,"Historic Moravian Bethlehem Historic District","Listed","Single",FALSE,NA,NA,"DISTRICT","PENNSYLVANIA","Northampton","Bethlehem","Church, Market and Main Streets",NA,"10/16/12","10/16/12",NA,NA,"12001016","historic moravian bethlehem","Historic Moravian Bethlehem Historic District Northampton PENNSYLVANIA",39.822376213996,-78.492340606805
"147","12001016","ADNL","Historic Moravian Bethlehem Historic District","Done","NHL Updated Documentation",FALSE,NA,"ARCHITECTURE; COMMUNITY PLANNING AND DEVELOPMENT; ECONOMICS; EDUCATION; PERFORMING ARTS; RELIGION","district","PENNSYLVANIA","Northampton","Bethlehem","Church, Market and Main Streets",NA,NA,"10/16/12",NA,NA,"12001016","historic moravian bethlehem","Historic Moravian Bethlehem Historic District Northampton PENNSYLVANIA",39.822376213996,-78.492340606805
"148","94001186",NA,"Lukens Historic District","Listed","Single",FALSE,3,"SOCIAL HISTORY; COMMERCE; INDUSTRY","DISTRICT","PENNSYLVANIA","Chester","Coatsville","50, 53, 76, & 102 S. First St.","https://catalog.archives.gov/id/71994169","4/19/94","4/19/94",NA,NA,"94001186","lukens","Lukens Historic District Chester PENNSYLVANIA",39.85268,-75.360689
"149","84003090",NA,"Oakmont Country Club Historic District","Listed","Single",FALSE,218,"LANDSCAPE ARCHITECTURE; ENTERTAINMENT/RECREATION","DISTRICT","PENNSYLVANIA","Allegheny","Oakmont","Hulton Rd.","https://catalog.archives.gov/id/71994253","8/17/84","6/30/87",NA,NA,"84003090","oakmont country club","Oakmont Country Club Historic District Allegheny PENNSYLVANIA",40.518802,-79.837556
"150","92001878",NA,"RittenhouseTown Historic District","Listed","Single",FALSE,84,"INDUSTRY; SCIENCE","DISTRICT","PENNSYLVANIA","Philadelphia","Philadelphia","206--210 Lincoln Dr.","https://catalog.archives.gov/id/71994349","4/27/92","4/27/92",NA,NA,"92001878","rittenhousetown","RittenhouseTown Historic District Philadelphia PENNSYLVANIA",40.029693,-75.190574
"151","13000284",NA,"Old San Juan Historic District/Distrito Historico del Viejo San Juan NHL","Listed","Single",FALSE,NA,NA,"DISTRICT","PUERTO RICO","San Juan","San Juan","Western corner of San Juan Islet",NA,"2/27/13","2/27/13",NA,NA,"13000284","old san juan/distrito historico del viejo san juan nhl","Old San Juan Historic District/Distrito Historico del Viejo San Juan NHL San Juan PUERTO RICO",18.4661,-66.11598
"152","72000023",NA,"Bellevue Avenue Historic District","Listed","Single",FALSE,606,"LANDSCAPE ARCHITECTURE; COMMERCE; ARCHITECTURE; SOCIAL HISTORY","DISTRICT","RHODE ISLAND","Newport","Newport","Roughly bounded Atlantic Ocean, Easton Bay, Coggeshall Ave.,Spring St., and Memorial Blvd.","https://catalog.archives.gov/id/41374731","12/8/72","5/11/76","Ochre Point/Cliffs Historic District",NA,"72000023","bellevue avenue","Bellevue Avenue Historic District Newport RHODE ISLAND",41.4752107,-71.3079185
"153","70000019","AD","College Hill Historic District","Listed","Add.Doc.",FALSE,486,"INDUSTRY; COMMERCE; ART; EDUCATION; EXPLORATION/SETTLEMENT; POLITICS/GOVERNMENT; ARCHITECTURE; SOCIAL HISTORY","district","RHODE ISLAND","Providence","Providence","Roughly bounded by Olney, Canal, S Water, Governor, Williams & Hope Sts., Providence R. & Harbor",NA,"11/10/70","12/30/70","See Also: Nightingale--Brown House",NA,"70000019","college hill","College Hill Historic District Providence RHODE ISLAND",41.83232,-71.41367
"154","68000001","AD","Newport Historic District (Additional Documentation)","Listed","Add.Doc.",FALSE,250,"ARCHITECTURE; COMMERCE; ARCHEOLOGY-HISTORIC NON-ABORIGINAL","district","RHODE ISLAND","Newport","Newport","Bounded roughly by Van Zandt and Bellevue Aves., Broadway, Newport Harbor, Thames, Pope, William, Bull, and Kingston Sts.","https://catalog.archives.gov/id/41375046","11/24/68","11/24/68",NA,NA,"68000001","newport (additional documentation)","Newport Historic District (Additional Documentation) Newport RHODE ISLAND",41.49192,-71.31186
"155","76000048",NA,"Ocean Drive Historic District","Listed","Single",FALSE,1509,"COMMUNITY PLANNING AND DEVELOPMENT; LANDSCAPE ARCHITECTURE; CONSERVATION; ARCHITECTURE; SOCIAL HISTORY","DISTRICT","RHODE ISLAND","Newport","Newport","Ocean Dr.","https://catalog.archives.gov/id/41375052","5/11/76","5/11/76",NA,NA,"76000048","ocean drive","Ocean Drive Historic District Newport RHODE ISLAND",41.45455,-71.33505
"156","69000159",NA,"Beaufort Historic District","Listed","Single",FALSE,304,"ARCHITECTURE; EXPLORATION/SETTLEMENT; MILITARY; NATIVE AMERICAN; COMMERCE; SOCIAL HISTORY; BLACK; POLITICS/GOVERNMENT; COMMUNITY PLANNING AND DEVELOPMENT","DISTRICT","SOUTH CAROLINA","Beaufort","Beaufort","Bounded by the Beaufort River, Bladen, Hamar, and Boundary Sts.","https://catalog.archives.gov/id/118997132","12/17/69","11/7/73",NA,NA,"69000159","beaufort","Beaufort Historic District Beaufort SOUTH CAROLINA",32.43353,-80.67177
"157","66000964",NA,"Charleston Historic District","Listed","Single",FALSE,0,"ARCHITECTURE","DISTRICT","SOUTH CAROLINA","Charleston","Charleston","An area roughly bounded by Broad, Bay, S. Battery and Ashley and an area along Church bounded by Cumberland and Chalmers","https://catalog.archives.gov/id/118997297","10/15/66","10/9/60","Old and Historic Charleston;See Also:78002497;84002028;85001",NA,"66000964","charleston","Charleston Historic District Charleston SOUTH CAROLINA",32.783061,-79.934441
"158","78002491",NA,"Graniteville Historic District","Listed","Single",FALSE,55,"INDUSTRY; COMMUNITY PLANNING AND DEVELOPMENT; SOCIAL HISTORY","DISTRICT","SOUTH CAROLINA","Aiken","Graniteville","SC 19 and Gregg St.","https://catalog.archives.gov/id/118996808","6/2/78","6/2/78",NA,NA,"78002491","graniteville","Graniteville Historic District Aiken SOUTH CAROLINA",33.5603847,-81.8093745
"159","74001824",NA,"Penn Center Historic District","Listed","Single",FALSE,47,"ENGINEERING; BLACK; POLITICS/GOVERNMENT; SOCIAL HISTORY","DISTRICT","SOUTH CAROLINA","Beaufort","Frogmore","S of Frogmore on SC 37","https://catalog.archives.gov/id/118997169","9/9/74","12/2/74","Penn School",NA,"74001824","penn center","Penn Center Historic District Beaufort SOUTH CAROLINA",32.388188317715,-80.573450492841
"160","66000716",NA,"Deadwood Historic District","Listed","Single",FALSE,0,"INDUSTRY; COMMERCE; TRANSPORTATION; ENTERTAINMENT/RECREATION; ARCHITECTURE","DISTRICT","SOUTH DAKOTA","Lawrence","Deadwood","Bounded by the city limits","https://catalog.archives.gov/id/93205152","10/15/66","7/4/61","Deadwood",NA,"66000716","deadwood","Deadwood Historic District Lawrence SOUTH DAKOTA",44.379929,-103.724869
"161","66000731",NA,"Beale Street Historic District","Listed","Single",FALSE,27,"PERFORMING ARTS; ENTERTAINMENT/RECREATION","DISTRICT","TENNESSEE","Shelby","Memphis","Beale St. from 2nd to 4th Sts.",NA,"10/15/66","5/23/66","See Also: Beale Street Historic District (Boundary Decrease)",NA,"66000731","beale street","Beale Street Historic District Shelby TENNESSEE",35.13981,-90.05259
"162","89001098",NA,"Beale Street Historic District (Boundary Decrease)","Removed","Single",FALSE,0,"ENTERTAINMENT/RECREATION; PERFORMING ARTS","DISTRICT","TENNESSEE","Shelby","Memphis","Beale St. from Main to 2nd",NA,NA,"5/23/66","Beale Street; See Also: Beale Street Historic District",NA,"89001098","beale street (boundary decrease)","Beale Street Historic District (Boundary Decrease) Shelby TENNESSEE",35.13981,-90.05259
"163","93001607",NA,"Dealey Plaza Historic District","Listed","Single",FALSE,15,"POLITICS/GOVERNMENT; ARCHITECTURE; LANDSCAPE ARCHITECTURE","DISTRICT","TEXAS","Dallas","Dallas","Roughly bounded by Pacific Ave., Market St., Jackson St. and right of way of Dallas Right of Way Management Company","https://catalog.archives.gov/id/40970919","4/19/93","4/19/93",NA,NA,"93001607","dealey plaza","Dealey Plaza Historic District Dallas TEXAS",32.7789053,-96.808082
"164","75001979",NA,"East End Historic District","Listed","Single",FALSE,150,"ARCHITECTURE; SOCIAL HISTORY","DISTRICT","TEXAS","Galveston","Galveston","Irregular pattern including both sides of Broadway and Market Sts.","https://catalog.archives.gov/id/40972028","5/30/75","5/11/76",NA,NA,"75001979","east end","East End Historic District Galveston TEXAS",29.305757,-94.781453
"165","66000823",NA,"Fort Concho Historic District","Listed","Single",FALSE,42,"MILITARY; HISTORIC - NON-ABORIGINAL; EXPLORATION/SETTLEMENT","DISTRICT","TEXAS","Tom Green","San Angelo","S edge of San Angelo","https://catalog.archives.gov/id/40970960","10/15/66","7/4/61",NA,NA,"66000823","fort concho","Fort Concho Historic District Tom Green TEXAS",31.45477,-100.43123
"166","96000753",NA,"Randolph Field Historic District","Listed","Multiple",FALSE,405,"MILITARY; ARCHITECTURE","DISTRICT","TEXAS","Bexar","San Antonio","Randolph Air Force Base, off Pat Booker Rd., 18 NE of San Antonio","https://catalog.archives.gov/id/40970899","7/8/96","8/7/01","Base Administration Building",NA,"96000753","randolph field","Randolph Field Historic District Bexar TEXAS",29.53217,-98.28029
"167","72001371",NA,"Roma Historic District","Listed","Single",FALSE,27.5,"COMMERCE; HISPANIC; EXPLORATION/SETTLEMENT; ARCHITECTURE","DISTRICT","TEXAS","Starr","Roma","Properties along Estrella and Hidalgo Sts. between Garfield St. and Bravo Alley","https://catalog.archives.gov/id/40973371","7/31/72","11/4/93","Roma-Los Saenz",NA,"72001371","roma","Roma Historic District Starr TEXAS",26.40867,-99.01614
"168","70000748","AD","Strand Historic District, The","Listed","Add.Doc.",FALSE,36.4,"COMMERCE; TRANSPORTATION; POLITICS/GOVERNMENT; ARCHITECTURE","district","TEXAS","Galveston","Galveston","Roughly bounded by Ave. A, 20th St., alley between Aves. C and D, and railroad depot",NA,"1/26/70","5/11/76",NA,NA,"70000748","strand, the","Strand Historic District, The Galveston TEXAS",29.3069,-94.79436
"169","66000928","AD","Alexandria Historic District","Listed","Add.Doc.",FALSE,0,"ARCHITECTURE; COMMERCE; INDUSTRY","district","VIRGINIA","Alexandria","Alexandria (Independent City)","Prince & St. Asaph Sts.",NA,"11/13/66","11/13/66","Subsequent AD documentation is National Register only",NA,"66000928","alexandria","Alexandria Historic District Alexandria VIRGINIA",38.804594,-77.042347
"170","84003880","AD","Ball's Bluff Battlefield Historic District and National Cemetery","Listed","Add.Doc.",TRUE,3301,"ARCHEOLOGY; HISTORIC - NON-ABORIGINAL; HISTORIC - ABORIGINAL; MILITARY; POLITICS/GOVERNMENT","district","VIRGINIA","Loudoun","Leesburg","Address Restricted",NA,"4/27/84","4/27/84","VDHR 253-5021 / 053-0012-0005 ; Fort Evans; Catoctin Rural Historic District (VDHR 053-0012);  Chesapeake &amp; Ohio Canal National Historical Park Historic District (MT 12-46)","Cheseapeake and Ohio Canal","84003880","ball's bluff battlefield and national cemetery","Ball's Bluff Battlefield Historic District and National Cemetery Loudoun VIRGINIA",39.00622,-77.4286
"171","72001380",NA,"Fort Myer Historic District","Listed","Single",FALSE,200,"MILITARY","DISTRICT","VIRGINIA","Arlington","Arlington","Arlington Blvd. (U.S. 50)",NA,"11/28/72","11/28/72","See Also:Quarters 1, Fort Myer",NA,"72001380","fort myer","Fort Myer Historic District Arlington VIRGINIA",36.70983,-81.97735
"172","73002036",NA,"Green Springs Historic District","Listed","Single",FALSE,14054,"AGRICULTURE; ARCHITECTURE","DISTRICT","VIRGINIA","Louisa","Zion Crossroads","NE of Zion Crossroads on U.S. 15","https://catalog.archives.gov/id/41681673","3/7/73","5/30/74","See also:Boswell Tavern;Green Springs;Hawkwood;Ioria;West En","Fredericksburg/Spotyslvania National Military Park","73002036","green springs","Green Springs Historic District Louisa VIRGINIA",37.25765,-76.80302
"173","76002187",NA,"Jackson Ward Historic District","Listed","Single",FALSE,130,"COMMERCE; EDUCATION; BLACK; ARCHITECTURE; POLITICS/GOVERNMENT; SOCIAL HISTORY; RELIGION","DISTRICT","VIRGINIA","Richmond","Richmond (Independent City)","Roughly bounded by 5th, Marshall, and Gilmer Sts., and the Richmond-Petersburg Tpke.","https://catalog.archives.gov/id/41682967","7/30/76","6/16/78","Jackson Ward;see also:Sixth Mount Zion Baptist Church;",NA,"76002187","jackson ward","Jackson Ward Historic District Richmond VIRGINIA",37.54876,-77.44276
"174","70000883","AD","Monument Avenue Historic District","Listed","Add.Doc.",FALSE,116,"COMMUNITY PLANNING AND DEVELOPMENT; LANDSCAPE ARCHITECTURE; ART; MILITARY; TRANSPORTATION; ARCHITECTURE","district","VIRGINIA","Richmond","Richmond (Independent City)","Bounded by Grace and Birch Sts., Park Ave., and Roseneath Rd.",NA,"2/16/70","12/9/97","See Also:Monument Avenue Historic District (Boundary Increas",NA,"70000883","monument avenue","Monument Avenue Historic District Richmond VIRGINIA",37.56292,-77.47498
"175","79003038",NA,"Potomac Canal Historic District","Listed","Single",FALSE,25,"ENGINEERING; POLITICS/GOVERNMENT","DISTRICT","VIRGINIA","Fairfax","Great Falls","E of Great Falls","https://catalog.archives.gov/id/41680533","10/18/79","12/17/82","Patowmack Canal Historic District","George Washington Memorial Parkway","79003038","potomac canal","Potomac Canal Historic District Fairfax VIRGINIA",38.84622,-77.30665
"176","97000375",NA,"Skyline Drive Historic District","Listed","Multiple",FALSE,3190,"COMMUNITY PLANNING AND DEVELOPMENT; CONSERVATION; ENGINEERING; ARCHITECTURE; POLITICS/GOVERNMENT; ENTERTAINMENT/RECREATION; SOCIAL HISTORY; TRANSPORTATION; LANDSCAPE ARCHITECTURE","DISTRICT","VIRGINIA","Page","Luray","Shenandoah National Park, from the N entrance station at Front Royal to the S entrance station at Rockfish Gap","https://catalog.archives.gov/id/41678969","4/28/97","10/6/08",NA,"Shenandoah","97000375","skyline drive","Skyline Drive Historic District Page VIRGINIA",37.179834,-81.995406
"177","70000865",NA,"University Of Virginia Historic District","Listed","Single",FALSE,0,"EDUCATION","DISTRICT","VIRGINIA","Charlottesville","Charlottesville (Independent City)","Bounded by University and Jefferson Park Aves., and Hospital and McCormick Rds.","https://catalog.archives.gov/id/41680103","11/20/70","11/11/71","See Also:Rotunda, University of Virginia",NA,"70000865","university of virginia","University Of Virginia Historic District Charlottesville VIRGINIA",38.03458,-78.5039
"178","74002219",NA,"Virginia Military Institute Historic District","Listed","Single",FALSE,60,"MILITARY","DISTRICT","VIRGINIA","Lexington","Lexington (Independent City)","VMI campus","https://catalog.archives.gov/id/41679073","5/30/74","5/30/74","See Also:Barracks, Virginia Military Institute;Stono",NA,"74002219","virginia military institute","Virginia Military Institute Historic District Lexington VIRGINIA",37.79041,-79.43587
"179","71001047",NA,"Washington and Lee University Historic District","Listed","Single",FALSE,0,"EDUCATION; ARCHITECTURE","DISTRICT","VIRGINIA","Lexington","Lexington (Independent City)","W and L University campus","https://catalog.archives.gov/id/41681502","11/11/71","11/11/71","See Also:Lee Chapel, Washington and Lee University",NA,"71001047","washington and lee university","Washington and Lee University Historic District Lexington VIRGINIA",37.78791,-79.44282
"180","69000256",NA,"Waterford Historic District","Listed","Single",FALSE,0,"COMMERCE; EXPLORATION/SETTLEMENT; ARCHITECTURE; RELIGION","DISTRICT","VIRGINIA","Loudoun","Waterford","NW of Leesburg on Rte. 665","https://catalog.archives.gov/id/41681645","6/3/69","4/15/70","Waterford; VDHR# 401-0123",NA,"69000256","waterford","Waterford Historic District Loudoun VIRGINIA",39.1876,-77.61082
"181","69000256","ADNL","Waterford Historic District","Done","NHL Updated Documentation",FALSE,0,"COMMERCE; EXPLORATION/SETTLEMENT; ARCHITECTURE; RELIGION","district","VIRGINIA","Loudoun","Waterford","NW of Leesburg on Rte. 665",NA,NA,"4/15/70",NA,NA,"69000256","waterford","Waterford Historic District Loudoun VIRGINIA",39.1876,-77.61082
"182","66000925",NA,"Williamsburg Historic District","Listed","Single",FALSE,173,"CONSERVATION; POLITICS/GOVERNMENT; ARCHITECTURE","DISTRICT","VIRGINIA","Williamsburg","Williamsburg (Independent City)","Bounded by Francis, Waller, Nicholson, N. England, Lafayette, and Nassau Sts.","https://catalog.archives.gov/id/41679184","10/15/66","10/9/60",NA,NA,"66000925","williamsburg","Williamsburg Historic District Williamsburg VIRGINIA",37.27126,-76.70023
"183","66000746",NA,"Port Gamble Historic District","Listed","Single",FALSE,95,"INDUSTRY","DISTRICT","WASHINGTON","Kitsap","Port Gamble","NW end of Kitsap Peninsula near entrance to Hood Canal, Puget Sound","https://catalog.archives.gov/id/75611928","11/13/66","11/13/66",NA,NA,"66000746","port gamble","Port Gamble Historic District Kitsap WASHINGTON",47.853254906762,-122.590669066414
"184","76001883",NA,"Port Townsend Historic District","Listed","Single",FALSE,200,"COMMERCE; TRANSPORTATION; EXPLORATION/SETTLEMENT; POLITICS/GOVERNMENT; ARCHITECTURE; SOCIAL HISTORY","DISTRICT","WASHINGTON","Jefferson","Port Townsend","Roughly bounded by Scott, Blaine, Walker, and Taft Sts., and the Waterfront","https://catalog.archives.gov/id/75612269","5/17/76","5/6/77","See Also:Fowler House;Rothschild House;St. Paul's Episcopal",NA,"76001883","port townsend","Port Townsend Historic District Jefferson WASHINGTON",48.028659594113,-122.743013759666
"185","96001129",NA,"Davis and Elkins Historic District","Listed","Single",FALSE,2,"POLITICS/GOVERNMENT","DISTRICT","WEST VIRGINIA","Randolph","Elkins","Davis and Elkins College Campus","https://catalog.archives.gov/id/86534619","6/19/96","6/19/96","See also:Graceland,70000666;Elkins,Sen.S.B.,House,82004329",NA,"96001129","davis and elkins","Davis and Elkins Historic District Randolph WEST VIRGINIA",39.53342,-79.79811
"186","83003249",NA,"Elkins Coal and Coke Company Historic District","Listed","Single",FALSE,36,"INDUSTRY; ENGINEERING","DISTRICT","WEST VIRGINIA","Preston","Bretz","Off WV 7","https://catalog.archives.gov/id/86534617","7/1/83","5/4/83","Mercury Coal and Coke Company",NA,"83003249","elkins coal and coke company","Elkins Coal and Coke Company Historic District Preston WEST VIRGINIA",39.53342,-79.79811
"187","93000303",NA,"Matewan Historic District","Listed","Single",FALSE,12.5,"COMMERCE; TRANSPORTATION; ARCHITECTURE; SOCIAL HISTORY","DISTRICT","WEST VIRGINIA","Mingo","Matewan","Roughly bounded by McCoy Alley, Railroad Alley, Mate St. underpass and Warm Hollow to the head of the hollow","https://catalog.archives.gov/id/86534607","4/27/93","2/18/97",NA,NA,"93000303","matewan","Matewan Historic District Mingo WEST VIRGINIA",37.622375845364,-82.156262988612
"188","05000763",NA,"Greendale Historic District","Listed","Single",FALSE,200,"ARCHITECTURE; COMMUNITY PLANNING AND DEVELOPMENT","DISTRICT","WISCONSIN","Milwaukee","Greendale","Roughly bounded by W. Grange Ave. and Catalpa St.","https://catalog.archives.gov/id/106781660","7/29/05","10/16/12",NA,NA,"05000763","greendale","Greendale Historic District Milwaukee WISCONSIN",43.174168374906,-87.897891765147
"189","05000530",NA,"Northwestern Branch, National Home for Disabled Volunteer Soldiers Historic District","Listed","Single",FALSE,150,"SOCIAL HISTORY; HEALTH/MEDICINE; ARCHITECTURE; POLITICS/GOVERNMENT; LANDSCAPE ARCHITECTURE","DISTRICT","WISCONSIN","Milwaukee","Milwaukee","5000 W. National Ave.","https://catalog.archives.gov/id/106781755","6/3/05","6/17/11","National Soldier's Home Historic District",NA,"05000530","northwestern branch, national home for disabled volunteer soldiers","Northwestern Branch, National Home for Disabled Volunteer Soldiers Historic District Milwaukee WISCONSIN",43.041072,-87.909421
"190","98001039",NA,"Murie Ranch Historic District","Listed","Multiple",FALSE,73.2,"CONSERVATION","DISTRICT","WYOMING","Teton","Moose","1/2 mi. SW of park HQ","https://catalog.archives.gov/id/73730103","8/24/98","2/17/06","STS Dude Ranch;Stella Woodbury Summer Home;48TE1143;See Also","Grand Teton National Park","98001039","murie ranch","Murie Ranch Historic District Teton WYOMING",43.652229396757,-110.723034963935
"191","78002830",NA,"Penney, J. C., Historic District","Listed","Single",FALSE,1.2,"COMMERCE","DISTRICT","WYOMING","Lincoln","Kemmerer","J. C. Penney Ave. and S. Main St.","https://catalog.archives.gov/id/73730072","6/2/78","6/2/78",NA,NA,"78002830","penney, j. c.,","Penney, J. C., Historic District Lincoln WYOMING",41.794774539281,-110.537045364314
"192","70000670",NA,"South Pass City Historic District","Listed","Single",FALSE,640,"INDUSTRY; COMMERCE; TRANSPORTATION; POLITICS/GOVERNMENT; COMMUNICATIONS","DISTRICT","WYOMING","Fremont","South Pass City","South Pass Rd.","https://catalog.archives.gov/id/73730352","2/26/70","1/20/61",NA,NA,"70000670","south pass city","South Pass City Historic District Fremont WYOMING",42.469115,-108.80317
